risk,naming_year,naming_date,street_code,english_name,chinese_name,driving_notice,driving_type,driving_event_id,reason
"high","2008","2008-12-05","","Cheung Chau Electric Path","長洲電廠徑","G.N.8315","declaration","2008-12-05|GN8315|0","eGazette PDF parse may be wrong (check notice body)"
"high","2008","2008-10-10","","Fo Hing Street","科興街","G.N.7004","declaration","2008-10-10|GN7004|0","eGazette PDF parse may be wrong (check notice body)"
"high","2008","2008-08-29","","Lam Yu Road","欖裕路","G.N.6060","declaration","2008-08-29|GN6060|0","eGazette PDF parse may be wrong (check notice body)"
"high","2008","2008-10-10","","Nightingale Road","南丁格爾路","G.N.7003","declaration","2008-10-10|GN7003|0","eGazette PDF parse may be wrong (check notice body)"
"high","2008","2008-10-10","","Queen Elizabeth Hospital Path","伊利沙伯醫院徑","G.N.7003","declaration","2008-10-10|GN7003|2","eGazette PDF parse may be wrong (check notice body)"
"high","2008","2008-10-10","","Queen Elizabeth Hospital Road","伊利沙伯醫院路","G.N.7003","declaration","2008-10-10|GN7003|1","eGazette PDF parse may be wrong (check notice body)"
"high","2009","2009-02-06","","Bel-Air Peak Avenue","貝沙山道","G.N.851","declaration","2009-02-06|GN851|0","eGazette PDF parse may be wrong (check notice body)"
"high","2009","2009-06-26","","Choi Ha Road","彩霞道","G.N.4008","declaration","2009-06-26|GN4008|0","eGazette PDF parse may be wrong (check notice body)"
"high","2009","2009-12-18","","Container Port Road South","貨櫃碼頭南路","G.N.7995","declaration","2009-12-18|GN7995|3","eGazette PDF parse may be wrong (check notice body)"
"high","2009","2009-03-06","","Fung Yuen Road","鳳園路","G.N.1502","declaration","2009-03-06|GN1502|1","eGazette PDF parse may be wrong (check notice body)"
"high","2009","2009-12-18","","Hoi Long Path","海浪徑","G.N.7996","declaration","2009-12-18|GN7996|0","eGazette PDF parse may be wrong (check notice body)"
"high","2009","2009-04-09","","LOHAS Park Road","康城路","G.N.2232","declaration","2009-04-09|GN2232|0","eGazette PDF parse may be wrong (check notice body)"
"high","2009","2009-06-12","","Lung Mun Road","龍門路","G.N.3680","declaration","2009-06-12|GN3680|0","eGazette PDF parse may be wrong (check notice body)"
"high","2009","2009-12-04","","Lung Wo Road","龍和道","G.N.7642","declaration","2009-12-04|GN7642|0","eGazette PDF parse may be wrong (check notice body)"
"high","2009","2009-09-04","","Mei Tin Road","美田路","G.N.5553","declaration","2009-09-04|GN5553|0","eGazette PDF parse may be wrong (check notice body)"
"high","2009","2009-03-06","","Shan Liu Road","山寮路","G.N.1502","declaration","2009-03-06|GN1502|3","eGazette PDF parse may be wrong (check notice body)"
"high","2009","2009-09-18","","Shui Fu Road","水庫路","G.N.5906","declaration","2009-09-18|GN5906|0","eGazette PDF parse may be wrong (check notice body)"
"high","2009","2009-08-14","","Tat Fuk Road","達福路","G.N.5125","declaration","2009-08-14|GN5125|0","eGazette PDF parse may be wrong (check notice body)"
"high","2009","2009-12-18","","Tsing Sha Highway","青沙公路","G.N.7995","declaration","2009-12-18|GN7995|1","eGazette PDF parse may be wrong (check notice body)"
"high","2009","2009-12-18","","Tsing Yi Hong Wan Road","青衣航運路","G.N.7995","declaration","2009-12-18|GN7995|2","eGazette PDF parse may be wrong (check notice body)"
"high","2009","2009-08-14","","Tung Fuk Road","同福路","G.N.5125","declaration","2009-08-14|GN5125|1","eGazette PDF parse may be wrong (check notice body)"
"high","2009","2009-03-06","","Tung Tsz Road","洞梓路","G.N.1502","declaration","2009-03-06|GN1502|2","eGazette PDF parse may be wrong (check notice body)"
"high","2009","2009-06-05","","Wui Man Road","匯民道","G.N.3561","declaration","2009-06-05|GN3561|0","eGazette PDF parse may be wrong (check notice body)"
"high","2009","2009-03-20","","Yip Wong Road","業旺路","G.N.1820","declaration","2009-03-20|GN1820|0","eGazette PDF parse may be wrong (check notice body)"
"high","2009","2009-12-18","","Yung Ping Path","雍坪徑","G.N.7994","declaration","2009-12-18|GN7994|1","eGazette PDF parse may be wrong (check notice body)"
"high","2010","2010-07-16","","Choi Hing Road","彩興路","G.N.4562","declaration","2010-07-16|GN4562|0","eGazette PDF parse may be wrong (check notice body)"
"high","2010","2010-07-16","","Choi Wing Lane","彩榮里","G.N.4562","declaration","2010-07-16|GN4562|2","eGazette PDF parse may be wrong (check notice body)"
"high","2010","2010-07-16","","Choi Wing Road","彩榮路","G.N.4562","declaration","2010-07-16|GN4562|1","eGazette PDF parse may be wrong (check notice body)"
"high","2010","2010-12-24","","Hoi Tai Street","海堤街","G.N.8237","declaration","2010-12-24|GN8237|0","eGazette PDF parse may be wrong (check notice body)"
"high","2010","2010-06-18","","Kwai Yan Road","葵仁路","G.N.3610","declaration","2010-06-18|GN3610|0","eGazette PDF parse may be wrong (check notice body)"
"high","2010","2010-06-25","","Liu Pok Road","料壆路","G.N.4011","declaration","2010-06-25|GN4011|0","eGazette PDF parse may be wrong (check notice body)"
"high","2010","2010-11-19","","Lung Hong Street","龍康街","G.N.7264","declaration","2010-11-19|GN7264|0","eGazette PDF parse may be wrong (check notice body)"
"high","2010","2010-08-20","","Lung Wah Street","龍華街","G.N.5350","declaration","2010-08-20|GN5350|0","eGazette PDF parse may be wrong (check notice body)"
"high","2010","2010-01-15","","Lung Wui Road","龍匯道","G.N.296","declaration","2010-01-15|GN296|0","eGazette PDF parse may be wrong (check notice body)"
"high","2010","2010-06-18","","Ma Shing Path","馬成徑","G.N.3608","declaration","2010-06-18|GN3608|0","eGazette PDF parse may be wrong (check notice body)"
"high","2010","2010-04-09","","Pok Chuen Path","博泉徑","G.N.2046","declaration","2010-04-09|GN2046|1","eGazette PDF parse may be wrong (check notice body)"
"high","2010","2010-04-09","","Pok Chuen Street","博泉街","G.N.2046","declaration","2010-04-09|GN2046|0","eGazette PDF parse may be wrong (check notice body)"
"high","2010","2010-06-18","","Sai Kwo Road","世歌路","G.N.3609","declaration","2010-06-18|GN3609|0","eGazette PDF parse may be wrong (check notice body)"
"high","2010","2010-06-18","","Sheung Kin Street","常健街","G.N.3611","declaration","2010-06-18|GN3611|0","eGazette PDF parse may be wrong (check notice body)"
"high","2010","2010-08-06","","Sheung Kok Shan Road","上角山路","G.N.5076","declaration","2010-08-06|GN5085|10","eGazette PDF parse may be wrong (check notice body)"
"high","2010","2010-12-02","","Ting Yat Road","汀逸路","G.N.7631","declaration","2010-12-02|GN7631|0","eGazette PDF parse may be wrong (check notice body)"
"high","2010","2010-04-09","","To Shek Path","多石徑","G.N.2046","declaration","2010-04-09|GN2046|3","eGazette PDF parse may be wrong (check notice body)"
"high","2010","2010-04-09","","To Shek Street","多石街","G.N.2046","declaration","2010-04-09|GN2046|2","eGazette PDF parse may be wrong (check notice body)"
"high","2010","2010-06-25","","Wang Ping Shan South Road","橫平山南路","G.N.4012","declaration","2010-06-25|GN4012|0","eGazette PDF parse may be wrong (check notice body)"
"high","2010","2010-02-05","","Wong Kong Wai Road","黃崗圍路","G.N.737","declaration","2010-02-05|GN737|0","eGazette PDF parse may be wrong (check notice body)"
"high","2010","2010-12-02","","Yin Kong Road","燕崗路","G.N.7632","declaration","2010-12-02|GN7632|0","eGazette PDF parse may be wrong (check notice body)"
"high","2010","2010-02-05","","Yu On Street","漁安街","G.N.736","declaration","2010-02-05|GN736|0","eGazette PDF parse may be wrong (check notice body)"
"high","2011","2011-12-02","","Chai Kek Road","寨乪路","G.N.7901","declaration","2011-12-02|GN7901|0","eGazette PDF parse may be wrong (check notice body)"
"high","2011","2011-09-30","","Fu Chung Lane","富忠里","G.N.6435","declaration","2011-09-30|GN6435|0","eGazette PDF parse may be wrong (check notice body)"
"high","2011","2011-05-13","","Golden Beach Path","黃金泳灘徑","G.N.2995","declaration","2011-05-13|GN2995|0","eGazette PDF parse may be wrong (check notice body)"
"high","2011","2011-11-11","","Kai Pak Ling Road","雞伯嶺路","G.N.7461","declaration","2011-11-11|GN7461|0","eGazette PDF parse may be wrong (check notice body)"
"high","2011","2011-02-25","","Legislative Council Road","立法會道","G.N.1313","declaration","2011-02-25|GN1313|0","eGazette PDF parse may be wrong (check notice body)"
"high","2011","2011-05-13","","Mei Fai Street","美輝街","G.N.2996","declaration","2011-05-13|GN2996|0","eGazette PDF parse may be wrong (check notice body)"
"high","2011","2011-10-14","","School Road","學校路","G.N.6773","declaration","2011-10-14|GN6773|0","eGazette PDF parse may be wrong (check notice body)"
"high","2011","2011-10-14","","Tai San Back Street","大新後街","G.N.6773","declaration","2011-10-14|GN6773|1","eGazette PDF parse may be wrong (check notice body)"
"high","2011","2011-10-14","","Tai Tsoi Yuen Road","大菜園路","G.N.6773","declaration","2011-10-14|GN6773|2","eGazette PDF parse may be wrong (check notice body)"
"high","2011","2011-02-18","","Tat Mei Road","達美路","G.N.1154","declaration","2011-02-18|GN1154|0","eGazette PDF parse may be wrong (check notice body)"
"high","2011","2011-11-11","","Wholesale Market Street","批發市場街","G.N.7460","declaration","2011-11-11|GN7460|0","eGazette PDF parse may be wrong (check notice body)"
"high","2011","2011-11-11","","Wun Yiu Road","碗窰路","G.N.7459","declaration","2011-11-11|GN7459|0","eGazette PDF parse may be wrong (check notice body)"
"high","2011","2011-05-13","","Ying Wan Lane","迎運里","G.N.2996","declaration","2011-05-13|GN2996|1","eGazette PDF parse may be wrong (check notice body)"
"high","2013","2013-08-02","","","牛皮沙街","G.N.4532","declaration","2013-08-02|GN4532|0","eGazette PDF parse may be wrong (check notice body)"
"high","2013","2013-11-01","","","嘉敬里","G.N.6570","declaration","2013-11-01|GN6570|0","eGazette PDF parse may be wrong (check notice body)"
"high","2013","2013-02-08","","Ching Yau Road","","G.N.747","declaration","2013-02-08|GN747|0","eGazette PDF parse may be wrong (check notice body)"
"high","2013","2013-05-10","","Ha Mei Road","廈尾路","G.N.2719","declaration","2013-05-10|GN2719|0","eGazette PDF parse may be wrong (check notice body)"
"high","2013","2013-05-10","","Kam Pok Road East","錦壆路東","G.N.2719","declaration","2013-05-10|GN2719|1","eGazette PDF parse may be wrong (check notice body)"
"high","2013","2013-05-10","","Kam Pok Road West","錦壆路西","G.N.2719","declaration","2013-05-10|GN2719|2","eGazette PDF parse may be wrong (check notice body)"
"high","2013","2013-05-10","","Kiu Sau Path","橋壽徑","G.N.2719","declaration","2013-05-10|GN2719|3","eGazette PDF parse may be wrong (check notice body)"
"high","2013","2013-05-10","","Kiu Tak Path","橋德徑","G.N.2719","declaration","2013-05-10|GN2719|4","eGazette PDF parse may be wrong (check notice body)"
"high","2013","2013-03-01","","Lok Wo Sha Lane","","G.N.1160","declaration","2013-03-01|GN1160|0","eGazette PDF parse may be wrong (check notice body)"
"high","2013","2013-08-02","","Lung Chak Road","龍澤路","G.N.4533","declaration","2013-08-02|GN4533|0","eGazette PDF parse may be wrong (check notice body)"
"high","2013","2013-11-01","","On Lai Street","安麗街","G.N.6569","declaration","2013-11-01|GN6569|0","eGazette PDF parse may be wrong (check notice body)"
"high","2013","2013-05-10","","Ping Ha Road","","G.N.2720","declaration","2013-05-10|GN2720|0","eGazette PDF parse may be wrong (check notice body)"
"high","2013","2013-05-10","","Tin Wah Road","天華路","G.N.2719","declaration","2013-05-10|GN2719|5","eGazette PDF parse may be wrong (check notice body)"
"high","2013","2013-03-01","","Tsing Ying Road","","G.N.1161","declaration","2013-03-01|GN1161|0","eGazette PDF parse may be wrong (check notice body)"
"high","2013","2013-08-23","","Universal Gate Road","普門路","G.N.4994","declaration","2013-08-23|GN4994|0","eGazette PDF parse may be wrong (check notice body)"
"high","2014","2014-03-14","","","龍田街","G.N.1563","declaration","2014-03-14|GN1563|0","eGazette PDF parse may be wrong (check notice body)"
"high","2014","2014-03-14","","","榕樹灣廣場路","G.N.1563","declaration","2014-03-14|GN1563|1","eGazette PDF parse may be wrong (check notice body)"
"high","2014","2014-05-09","","","麥園圍路青亦路","G.N.2737","declaration","2014-05-09|GN2737|0","eGazette PDF parse may be wrong (check notice body)"
"high","2014","2014-05-30","","","迎康街","G.N.3150","declaration","2014-05-30|GN3150|0","eGazette PDF parse may be wrong (check notice body)"
"high","2014","2014-05-30","","","迎東路","G.N.3150","declaration","2014-05-30|GN3150|1","eGazette PDF parse may be wrong (check notice body)"
"high","2014","2014-07-25","","Mcgregor Street","","G.N.4345","declaration","2014-07-25|GN4345|0","eGazette PDF parse may be wrong (check notice body)"
"high","2014","2014-02-14","","Muk Ning Street","沐寧街","G.N.930","declaration","2014-02-14|GN930|0","eGazette PDF parse may be wrong (check notice body)"
"high","2014","2014-03-28","","On Sau Road","安秀道","G.N.1857","declaration","2014-03-28|GN1857|0","eGazette PDF parse may be wrong (check notice body)"
"high","2014","2014-02-14","","Sai Kung Rural Committee Lane","西貢鄉事會里","G.N.933","declaration","2014-02-14|GN933|0","eGazette PDF parse may be wrong (check notice body)"
"high","2014","2014-02-14","","Shek Tin Road","石田路","G.N.931","declaration","2014-02-14|GN931|0","eGazette PDF parse may be wrong (check notice body)"
"high","2014","2014-02-14","","Tai Ching Cheung Road","大蒸場路","G.N.932","declaration","2014-02-14|GN932|0","eGazette PDF parse may be wrong (check notice body)"
"high","2014","2014-07-11","","Yau Tin West Road","攸田西路","G.N.4022","declaration","2014-07-11|GN4022|0","eGazette PDF parse may be wrong (check notice body)"
"high","2015","2015-01-02","","","下灣村東路","G.N.166","declaration","2015-01-02|GN166|0","eGazette PDF parse may be wrong (check notice body)"
"high","2015","2015-01-02","","","下灣村路","G.N.166","declaration","2015-01-02|GN166|1","eGazette PDF parse may be wrong (check notice body)"
"high","2015","2015-06-12","","","嘉健里","G.N.4273","declaration","2015-06-12|GN4273|0","eGazette PDF parse may be wrong (check notice body)"
"high","2015","2015-07-03","","","公庵路","G.N.4864","declaration","2015-07-03|GN4864|0","eGazette PDF parse may be wrong (check notice body)"
"high","2015","2015-07-03","","","馬田路","G.N.4864","declaration","2015-07-03|GN4864|1","eGazette PDF parse may be wrong (check notice body)"
"high","2015","2015-07-03","","","馬棠路","G.N.4864","declaration","2015-07-03|GN4864|2","eGazette PDF parse may be wrong (check notice body)"
"high","2015","2015-08-28","","","安茵街","G.N.6516","declaration","2015-08-28|GN6516|0","eGazette PDF parse may be wrong (check notice body)"
"high","2015","2015-11-13","","","馬鞍山路","G.N.8863","declaration","2015-11-13|GN8863|0","eGazette PDF parse may be wrong (check notice body)"
"high","2015","2015-11-13","","","暢運道","G.N.8864","declaration","2015-11-13|GN8864|0","eGazette PDF parse may be wrong (check notice body)"
"high","2015","2015-11-13","","","安運道","G.N.8864","declaration","2015-11-13|GN8864|1","eGazette PDF parse may be wrong (check notice body)"
"high","2015","2015-01-23","","Concorde Road","協調道","G.N.1172","declaration","2015-01-23|GN1172|0","eGazette PDF parse may be wrong (check notice body)"
"high","2015","2015-08-28","","Fuk Man Road","福民路","G.N.6517","declaration","2015-08-28|GN6517|0","eGazette PDF parse may be wrong (check notice body)"
"high","2015","2015-03-13","","Hang Kai Lane","坑溪里","G.N.2181","declaration","2015-03-13|GN2181|0","eGazette PDF parse may be wrong (check notice body)"
"high","2015","2015-01-30","","Lam Tsuen Heung Kung Sho Road","林村鄉公所路","G.N.1456","declaration","2015-01-30|GN1456|0","eGazette PDF parse may be wrong (check notice body)"
"high","2015","2015-03-13","","Lau Yip Street","流業街","G.N.2182","declaration","2015-03-13|GN2182|0","eGazette PDF parse may be wrong (check notice body)"
"high","2015","2015-12-24","","Lok Ma Chau Road","落馬洲路","G.N.9966","declaration","2015-12-24|GN9966|0","eGazette PDF parse may be wrong (check notice body)"
"high","2015","2015-03-13","","Man Chat Road","文質路","G.N.2183","declaration","2015-03-13|GN2183|0","eGazette PDF parse may be wrong (check notice body)"
"high","2015","2015-07-03","","Pak Shing Kok Road","百勝角路","G.N.4865","declaration","2015-07-03|GN4865|0","eGazette PDF parse may be wrong (check notice body)"
"high","2015","2015-02-13","","Sam Wo Road","三和路","G.N.1690","declaration","2015-02-13|GN1690|0","eGazette PDF parse may be wrong (check notice body)"
"high","2015","2015-11-13","","Tan Kwai Tsuen Lane","丹桂村里","G.N.8862","declaration","2015-11-13|GN8862|0","eGazette PDF parse may be wrong (check notice body)"
"high","2015","2015-06-12","","Tramway Lane","纜車里","G.N.4274","declaration","2015-06-12|GN4274|0","eGazette PDF parse may be wrong (check notice body)"
"high","2015","2015-02-13","","Wai Yin Path","薈然徑","G.N.1691","declaration","2015-02-13|GN1691|0","eGazette PDF parse may be wrong (check notice body)"
"high","2016","2016-07-08","","Choi Hung Interchange","","G.N.3863","declaration","2016-07-08|GN3863|0","eGazette PDF parse may be wrong (check notice body)"
"high","2016","2016-05-27","","Sha Ha Path","","G.N.3021","declaration","2016-05-27|GN3021|0","eGazette PDF parse may be wrong (check notice body)"
"high","2016","2016-09-23","","Tin Yan Road","天恩路","G.N.5399","replace_description","2016-09-23|GN5399|0","canonical date from 取代街道說明 (likely needs Previous G.N.)"
"high","2016","2016-05-27","","U Lam Terrace","儒林臺","G.N.3020","notice_intention_change","2016-05-27|GN3020|0","canonical date from notice_intention_change"
"high","2016","2016-03-18","","Yiu Sing Street","耀星街","G.N.1595","replace_description","2016-03-18|GN1595|0","canonical date from 取代街道說明 (likely needs Previous G.N.)"
"high","2017","2017-07-14","","Chi Kiang Street","浙江街","G.N.5003","replace_description","2017-07-14|GN5003|0","canonical date from 取代街道說明 (likely needs Previous G.N.)"
"high","2017","2017-10-13","","Fung Cheung Road","鳳翔路","G.N.7594","replace_description","2017-10-13|GN7594|0","canonical date from 取代街道說明 (likely needs Previous G.N.)"
"high","2017","2017-10-13","","Fung Heung Street","鳳香街","G.N.7594","replace_description","2017-10-13|GN7594|1","canonical date from 取代街道說明 (likely needs Previous G.N.)"
"high","2017","2017-02-17","","Hammer Hill Road","斧山道","G.N.875","notice_intention_change","2017-02-17|GN875|0","canonical date from notice_intention_change"
"high","2017","2017-06-30","","Nga Cheung Road","雅翔道","G.N.4524","replace_description","2017-06-30|GN4524|0","canonical date from 取代街道說明 (likely needs Previous G.N.)"
"high","2017","2017-10-13","","Shui Pin Wai Interchange","水邊圍交匯處","G.N.7594","replace_description","2017-10-13|GN7594|2","canonical date from 取代街道說明 (likely needs Previous G.N.)"
"high","2017","2017-12-22","","Un Chau Street","元州街","G.N.9867","replace_description","2017-12-22|GN9867|0","canonical date from 取代街道說明 (likely needs Previous G.N.)"
"high","2017","2017-10-13","","Wang Fat Path","宏發徑","G.N.7594","replace_description","2017-10-13|GN7594|3","canonical date from 取代街道說明 (likely needs Previous G.N.)"
"high","2017","2017-10-13","","Wang Tat Road","宏達路","G.N.7594","replace_description","2017-10-13|GN7594|4","canonical date from 取代街道說明 (likely needs Previous G.N.)"
"high","2017","2017-09-29","","Wing Tung Street","永東街","G.N.7315","replace_description","2017-09-29|GN7315|0","canonical date from 取代街道說明 (likely needs Previous G.N.)"
"high","2017","2017-09-29","","Yau Wing Street","友榮街","G.N.7315","replace_description","2017-09-29|GN7315|1","canonical date from 取代街道說明 (likely needs Previous G.N.)"
"high","2017","2017-10-13","","Yu King Square","裕景坊","G.N.7594","replace_description","2017-10-13|GN7594|5","canonical date from 取代街道說明 (likely needs Previous G.N.)"
"high","2018","2018-11-23","","Austin Road West","柯士甸道西","G.N.8793","replace_description","2018-11-23|GN8793|0","canonical date from 取代街道說明 (likely needs Previous G.N.)"
"high","2018","2018-03-29","","Chui Yu Road","聚魚道","G.N.2324","replace_description","2018-03-29|GN2324|0","canonical date from 取代街道說明 (likely needs Previous G.N.)"
"high","2018","2018-10-05","","Hong Chong Road","康莊道","G.N.7463","replace_description","2018-10-05|GN7463|0","canonical date from 取代街道說明 (likely needs Previous G.N.)"
"high","2018","2018-02-02","","King Fuk Street","景福街","G.N.649","replace_description","2018-02-02|GN649|0","canonical date from 取代街道說明 (likely needs Previous G.N.)"
"high","2018","2018-11-30","","Lai Po Road","荔寶路","G.N.8969","replace_description","2018-11-30|GN8969|0","canonical date from 取代街道說明 (likely needs Previous G.N.)"
"high","2018","2018-11-30","","Lin Cheung Road","連翔道","G.N.8969","replace_description","2018-11-30|GN8969|1","canonical date from 取代街道說明 (likely needs Previous G.N.)"
"high","2018","2018-02-02","","Luk Hop Street","六合街","G.N.649","replace_description","2018-02-02|GN649|1","canonical date from 取代街道說明 (likely needs Previous G.N.)"
"high","2018","2018-09-14","","Prince Edward Road East","太子道東","G.N.6972","replace_description","2018-09-14|GN6972|0","canonical date from 取代街道說明 (likely needs Previous G.N.)"
"high","2018","2018-10-05","","Princess Margaret Road","公主道","G.N.7463","replace_description","2018-10-05|GN7463|2","canonical date from 取代街道說明 (likely needs Previous G.N.)"
"high","2018","2018-05-04","","Shung Yiu Street","崇耀街","G.N.3296","replace_description","2018-05-04|GN3296|1","canonical date from 取代街道說明 (likely needs Previous G.N.)"
"high","2018","2018-05-04","","Sin Fat Road","茜發道","G.N.3296","replace_description","2018-05-04|GN3296|0","canonical date from 取代街道說明 (likely needs Previous G.N.)"
"high","2018","2018-02-02","","Sze Mei Street","四美街","G.N.649","replace_description","2018-02-02|GN649|2","canonical date from 取代街道說明 (likely needs Previous G.N.)"
"high","2018","2018-06-01","","Tai Po Road","大埔道","G.N.4003","replace_description","2018-06-01|GN4003|0","canonical date from 取代街道說明 (likely needs Previous G.N.)"
"high","2018","2018-06-01","","Wui Cheung Road","匯翔道","G.N.4004","replace_description","2018-06-01|GN4004|0","canonical date from 取代街道說明 (likely needs Previous G.N.)"
"high","2018","2018-02-02","","Yi Lun Street","彝倫街","G.N.649","replace_description","2018-02-02|GN649|3","canonical date from 取代街道說明 (likely needs Previous G.N.)"
"high","2019","2019-07-26","","Airport Road","機場路","G.N.4781","replace_description","2019-07-26|GN4781|0","canonical date from 取代街道說明 (likely needs Previous G.N.)"
"high","2019","2019-07-26","","Cheong Hong Road","暢航路","G.N.4781","replace_description","2019-07-26|GN4781|1","canonical date from 取代街道說明 (likely needs Previous G.N.)"
"high","2019","2019-07-26","","Cheung Sha Wan Road","長沙灣道","G.N.4780","replace_description","2019-07-26|GN4780|0","canonical date from 取代街道說明 (likely needs Previous G.N.)"
"high","2019","2019-07-26","","East Coast Road","東岸路","G.N.4781","replace_description","2019-07-26|GN4781|2","canonical date from 取代街道說明 (likely needs Previous G.N.)"
"high","2019","2019-03-15","","Fleming Road","菲林明道","G.N.1971","replace_description","2019-03-15|GN1971|3","canonical date from 取代街道說明 (likely needs Previous G.N.)"
"high","2019","2019-03-01","","Hung Hom South Road","紅磡南道","G.N.1655","replace_description","2019-03-01|GN1655|0","canonical date from 取代街道說明 (likely needs Previous G.N.)"
"high","2019","2019-03-01","","Hung Lai Road","紅荔道","G.N.1655","replace_description","2019-03-01|GN1655|1","canonical date from 取代街道說明 (likely needs Previous G.N.)"
"high","2019","2019-07-26","","Kwo Lo Wan Road","過路灣路","G.N.4781","replace_description","2019-07-26|GN4781|3","canonical date from 取代街道說明 (likely needs Previous G.N.)"
"high","2019","2019-05-31","","Lung Ma Road","龍馬路","G.N.3587","replace_description","2019-05-31|GN3587|0","canonical date from 取代街道說明 (likely needs Previous G.N.)"
"high","2019","2019-05-31","","Lung Ma Road G.n. 3544 Dated 1 September 1995","","G.N.3587","declaration","2019-05-31|GN3587|0","eGazette PDF parse may be wrong (check notice body)"
"high","2019","2019-07-26","","Tung Fai Road","東輝路","G.N.4781","replace_description","2019-07-26|GN4781|4","canonical date from 取代街道說明 (likely needs Previous G.N.)"
"high","2020","2020-04-03","","","米埔南路","G.N.1669","declaration","2020-04-03|GN1669|0","eGazette PDF parse may be wrong (check notice body)"
"high","2020","2020-04-03","","","清攸徑","G.N.1669","declaration","2020-04-03|GN1669|1","eGazette PDF parse may be wrong (check notice body)"
"high","2020","2020-04-03","","","江埔路","G.N.1669","declaration","2020-04-03|GN1669|2","eGazette PDF parse may be wrong (check notice body)"
"high","2020","2020-04-03","","","高上路","G.N.1669","declaration","2020-04-03|GN1669|3","eGazette PDF parse may be wrong (check notice body)"
"high","2020","2020-04-03","","","梁盛路","G.N.1669","declaration","2020-04-03|GN1669|4","eGazette PDF parse may be wrong (check notice body)"
"high","2020","2020-04-03","","","石上路","G.N.1669","declaration","2020-04-03|GN1669|5","eGazette PDF parse may be wrong (check notice body)"
"high","2020","2020-11-06","","","屯門赤鱲角隧道公路","G.N.6474","declaration","2020-11-06|GN6474|0","eGazette PDF parse may be wrong (check notice body)"
"high","2020","2020-11-06","","","浩和街","G.N.6474","declaration","2020-11-06|GN6474|1","eGazette PDF parse may be wrong (check notice body)"
"high","2020","2020-11-06","","","浩逸街","G.N.6474","declaration","2020-11-06|GN6474|2","eGazette PDF parse may be wrong (check notice body)"
"high","2020","2020-10-16","","Gascoigne Road","加士居道","G.N.5984","replace_description","2020-10-16|GN5984|0","canonical date from 取代街道說明 (likely needs Previous G.N.)"
"high","2020","2020-10-23","","Gascoigne Road Flyover","","G.N.6118","corrigendum","2020-10-23|GN6118|0","canonical date from corrigendum"
"high","2020","2020-10-23","","Hing Kwai Street","興貴街","G.N.6117","replace_description","2020-10-23|GN6117|0","canonical date from 取代街道說明 (likely needs Previous G.N.)"
"high","2020","2020-06-12","","Luk Mei Tsuen Road","鹿尾村路","G.N.3237","replace_description","2020-06-12|GN3237|0","canonical date from 取代街道說明 (likely needs Previous G.N.)"
"high","2020","2020-06-12","","Luk Mei Tsuen Road G.n. 1786 Dated 24 May 1991","","G.N.3237","declaration","2020-06-12|GN3237|0","eGazette PDF parse may be wrong (check notice body)"
"high","2020","2020-04-03","","Nam Hing West Road","南慶西路","G.N.1670","replace_description","2020-04-03|GN1670|0","canonical date from 取代街道說明 (likely needs Previous G.N.)"
"high","2020","2020-04-03","","Nam Hing West Road G.n. 3286 Dated 16 May 2003","","G.N.1670","declaration","2020-04-03|GN1670|0","eGazette PDF parse may be wrong (check notice body)"
"high","2020","2020-06-12","","Shing Fung Road","承豐道","G.N.3235","replace_description","2020-06-12|GN3235|0","canonical date from 取代街道說明 (likely needs Previous G.N.)"
"high","2020","2020-06-12","","Shing Fung Road G.n. 6493 Dated 28 September 2012","","G.N.3235","declaration","2020-06-12|GN3235|0","eGazette PDF parse may be wrong (check notice body)"
"high","2020","2020-10-23","","Tong Hang Road","塘亨路","G.N.6117","replace_description","2020-10-23|GN6117|1","canonical date from 取代街道說明 (likely needs Previous G.N.)"
"high","2020","2020-10-23","","Tsz Tin Road","紫田路","G.N.6117","replace_description","2020-10-23|GN6117|2","canonical date from 取代街道說明 (likely needs Previous G.N.)"
"high","2020","2020-08-07","","Wing Fook Street","永福街","G.N.4509","replace_description","2020-08-07|GN4509|0","canonical date from 取代街道說明 (likely needs Previous G.N.)"
"high","2020","2020-08-07","","Wing Fook Street G.n. 1982 Dated 2 August 1974","","G.N.4509","declaration","2020-08-07|GN4509|0","eGazette PDF parse may be wrong (check notice body)"
"high","2021","2021-02-05","","","尾逢路","G.N.708","declaration","2021-02-05|GN708|0","eGazette PDF parse may be wrong (check notice body)"
"high","2021","2021-02-05","","","水尾路","G.N.708","declaration","2021-02-05|GN708|1","eGazette PDF parse may be wrong (check notice body)"
"high","2021","2021-05-28","","","安愉道","G.N.3262","declaration","2021-05-28|GN3262|0","eGazette PDF parse may be wrong (check notice body)"
"high","2021","2021-05-28","","","安愉徑","G.N.3262","declaration","2021-05-28|GN3262|1","eGazette PDF parse may be wrong (check notice body)"
"high","2021","2021-05-28","","","安健道","G.N.3262","declaration","2021-05-28|GN3262|2","eGazette PDF parse may be wrong (check notice body)"
"high","2021","2021-05-28","","","安禧街","G.N.3262","declaration","2021-05-28|GN3262|3","eGazette PDF parse may be wrong (check notice body)"
"high","2021","2021-06-25","","","啟德橋道","G.N.3897","declaration","2021-06-25|GN3897|0","eGazette PDF parse may be wrong (check notice body)"
"high","2021","2021-06-25","","","承富里","G.N.3897","declaration","2021-06-25|GN3897|1","eGazette PDF parse may be wrong (check notice body)"
"high","2021","2021-06-25","","","承裕里","G.N.3897","declaration","2021-06-25|GN3897|2","eGazette PDF parse may be wrong (check notice body)"
"high","2021","2021-06-25","","","承景街","G.N.3897","declaration","2021-06-25|GN3897|3","eGazette PDF parse may be wrong (check notice body)"
"high","2021","2021-06-25","","Cheung Yip Street","祥業街","G.N.3898","replace_description","2021-06-25|GN3898|0","canonical date from 取代街道說明 (likely needs Previous G.N.)"
"high","2021","2021-09-17","","Cul T U Ra Ld R Iv E","文化道","G.N.5801","declaration","2021-09-17|GN5801|0","eGazette PDF parse may be wrong (check notice body)"
"high","2021","2021-09-24","","Fi R S T Sky Street","航天城第一街","G.N.6003","declaration","2021-09-24|GN6003|0","eGazette PDF parse may be wrong (check notice body)"
"high","2021","2021-12-03","","Fu Te I R O A D G.n. 502 Dated 8 February 1991","","G.N.7634","declaration","2021-12-03|GN7634|0","eGazette PDF parse may be wrong (check notice body)"
"high","2021","2021-12-03","","Fu Tei Road","富地路","G.N.7634","replace_description","2021-12-03|GN7634|0","canonical date from 取代街道說明 (likely needs Previous G.N.)"
"high","2021","2021-10-22","","On Pik Road","安碧道","G.N.6649","notice_intention_change","2021-10-22|GN6649|0","canonical date from notice_intention_change"
"high","2021","2021-09-24","","S E Cond Sky Street","航天城第二街","G.N.6003","declaration","2021-09-24|GN6003|1","eGazette PDF parse may be wrong (check notice body)"
"high","2021","2021-06-25","","Shing Cheong Road","承昌道","G.N.3898","replace_description","2021-06-25|GN3898|1","canonical date from 取代街道說明 (likely needs Previous G.N.)"
"high","2021","2021-09-24","","Sky Ci T Y R O A D Ea S T G.n. 5907 Dated 11 November 2005","","G.N.6004","declaration","2021-09-24|GN6004|0","eGazette PDF parse may be wrong (check notice body)"
"high","2021","2021-09-24","","Sky Ci T Y R O A D G.n. 5907 Dated 11 November 2005","","G.N.6004","declaration","2021-09-24|GN6004|1","eGazette PDF parse may be wrong (check notice body)"
"high","2021","2021-09-24","","Sky City Road","航天城路","G.N.6004","replace_description","2021-09-24|GN6004|1","canonical date from 取代街道說明 (likely needs Previous G.N.)"
"high","2021","2021-09-24","","Sky City Road East","航天城東路","G.N.6004","replace_description","2021-09-24|GN6004|0","canonical date from 取代街道說明 (likely needs Previous G.N.)"
"high","2021","2021-07-23","","Sung Wong Toi Road","宋皇臺道","G.N.4521","replace_description","2021-07-23|GN4521|1","canonical date from 取代街道說明 (likely needs Previous G.N.)"
"high","2021","2021-09-24","","T Hi R D Sky Street","航天城第三街","G.N.6003","declaration","2021-09-24|GN6003|2","eGazette PDF parse may be wrong (check notice body)"
"high","2021","2021-12-03","","T U E N Lok L A N E","屯樂里","G.N.7633","declaration","2021-12-03|GN7633|0","eGazette PDF parse may be wrong (check notice body)"
"high","2021","2021-10-08","","Yuen Long Pau Cheung Square","元朗炮仗坊","G.N.6314","replace_description","2021-10-08|GN6314|0","canonical date from 取代街道說明 (likely needs Previous G.N.)"
"high","2021","2021-10-08","","Yuen Long Pau Cheung Square G.n. 2944 Dated 2 December 1977","","G.N.6314","declaration","2021-10-08|GN6314|0","eGazette PDF parse may be wrong (check notice body)"
"high","2022","2022-12-30","","","柏壽路","G.N.7562","declaration","2022-12-30|GN7562|0","eGazette PDF parse may be wrong (check notice body)"
"high","2022","2022-12-30","","","鄉梓路","G.N.7562","declaration","2022-12-30|GN7562|1","eGazette PDF parse may be wrong (check notice body)"
"high","2022","2022-05-13","","Cheong Hing Road","暢興路","G.N.2362","replace_description","2022-05-13|GN2362|0","canonical date from 取代街道說明 (likely needs Previous G.N.)"
"high","2022","2022-05-13","","Cheong Tat Road","暢達路","G.N.2362","replace_description","2022-05-13|GN2362|1","canonical date from 取代街道說明 (likely needs Previous G.N.)"
"high","2022","2022-10-21","","Chi Li T P At H","誌烈徑","G.N.6005","declaration","2022-10-21|GN6005|0","eGazette PDF parse may be wrong (check notice body)"
"high","2022","2022-12-09","","Hoi Shin L A N E","海善里","G.N.7138","declaration","2022-12-09|GN7138|0","eGazette PDF parse may be wrong (check notice body)"
"high","2022","2022-11-25","","L Am T In In Ter Ch A Ng E","藍田交匯處","G.N.6835","declaration","2022-11-25|GN6835|0","eGazette PDF parse may be wrong (check notice body)"
"high","2022","2022-10-07","","T In Wo R O A D","田禾路","G.N.5717","declaration","2022-10-07|GN5717|0","eGazette PDF parse may be wrong (check notice body)"
"high","2022","2022-11-25","","T S E Ung L Am Highw A Y","將藍公路","G.N.6835","declaration","2022-11-25|GN6835|1","eGazette PDF parse may be wrong (check notice body)"
"high","2022","2022-11-25","","Wan O Road","環澳路","G.N.6836","replace_description","2022-11-25|GN6836|0","canonical date from 取代街道說明 (likely needs Previous G.N.)"
"high","2022","2022-11-25","","Wan O Road G.n. 935 Dated 14 February 2003","","G.N.6836","declaration","2022-11-25|GN6836|0","eGazette PDF parse may be wrong (check notice body)"
"high","2023","2023-02-17","","","香蓮路","G.N.1075","declaration","2023-02-17|GN1075|0","eGazette PDF parse may be wrong (check notice body)"
"high","2023","2023-02-17","","","蓮竹路","G.N.1075","declaration","2023-02-17|GN1075|1","eGazette PDF parse may be wrong (check notice body)"
"high","2023","2023-06-02","","Anderson Road","安達臣道","G.N.3377","replace_description","2023-06-02|GN3377|0","canonical date from 取代街道說明 (likely needs Previous G.N.)"
"high","2023","2023-05-05","","Chun T In Street G.n. 200 Dated 18 February 1955","","G.N.2752","declaration","2023-05-05|GN2752|0","eGazette PDF parse may be wrong (check notice body)"
"high","2023","2023-05-05","","Chun Tin Street","春田街","G.N.2752","replace_description","2023-05-05|GN2752|0","canonical date from 取代街道說明 (likely needs Previous G.N.)"
"high","2023","2023-03-10","","Fuk Shun Street","福順街","G.N.1533","replace_description","2023-03-10|GN1533|0","canonical date from 取代街道說明 (likely needs Previous G.N.)"
"high","2023","2023-02-03","","Hoi Ying R O A D","海映路","G.N.839","declaration","2023-02-03|GN839|0","eGazette PDF parse may be wrong (check notice body)"
"high","2023","2023-06-09","","Kwun Sh A P At H","觀沙徑","G.N.3522","declaration","2023-06-09|GN3522|0","eGazette PDF parse may be wrong (check notice body)"
"high","2023","2023-06-23","","Lung Tat P At H","龍達徑","G.N.3740","declaration","2023-06-23|GN3740|0","eGazette PDF parse may be wrong (check notice body)"
"high","2023","2023-05-19","","M Oon T In L A N E","滿田里","G.N.3075","declaration","2023-05-19|GN3075|0","eGazette PDF parse may be wrong (check notice body)"
"high","2023","2023-03-24","","Shing Fung R O A D G.n. 3235 Dated 12 June 2020","","G.N.1790","declaration","2023-03-24|GN1790|0","eGazette PDF parse may be wrong (check notice body)"
"high","2023","2023-05-12","","Shing Y A Us Treet","承佑街","G.N.2908","declaration","2023-05-12|GN2908|0","eGazette PDF parse may be wrong (check notice body)"
"high","2024","2024-08-16","","Chui Kw A Nd R Iv E G.n. 8354 Dated 30 December 1999","","G.N.4838","declaration","2024-08-16|GN4838|0","eGazette PDF parse may be wrong (check notice body)"
"high","2024","2024-06-14","","Chui Kwan Drive","翠群徑","G.N.3412","notice_intention_change","2024-06-14|GN3412|0","canonical date from notice_intention_change"
"high","2024","2024-03-08","","Lung T Ing L A N E","龍庭里","G.N.1335","declaration","2024-03-08|GN1335|0","eGazette PDF parse may be wrong (check notice body)"
"high","2024","2024-03-01","","Ma Fuk R O A D","馬福路","G.N.1176","declaration","2024-03-01|GN1176|1","eGazette PDF parse may be wrong (check notice body)"
"high","2024","2024-03-01","","Ma Ta K R O A D","馬得路","G.N.1176","declaration","2024-03-01|GN1176|0","eGazette PDF parse may be wrong (check notice body)"
"high","2024","2024-12-06","","Shing Cheong Road G.n. 3898 Dated 25 June 2021","","G.N.7370","declaration","2024-12-06|GN7370|0","eGazette PDF parse may be wrong (check notice body)"
"high","2024","2024-09-13","","Shing Fung L A N E","承豐里","G.N.5451","declaration","2024-09-13|GN5451|0","eGazette PDF parse may be wrong (check notice body)"
"high","2024","2024-08-23","","T Sz Lun R O A D","紫麟路","G.N.4962","declaration","2024-08-23|GN4962|0","eGazette PDF parse may be wrong (check notice body)"
"high","2024","2024-03-01","","Wo Lok L A N E","和樂里","G.N.1176","declaration","2024-03-01|GN1176|2","eGazette PDF parse may be wrong (check notice body)"
"high","2024","2024-09-06","","Wui T Ung Street","匯東街","G.N.5323","declaration","2024-09-06|GN5323|0","eGazette PDF parse may be wrong (check notice body)"
"high","2024","2024-06-21","","Y A U M Ong L A N E","油旺里","G.N.3555","declaration","2024-06-21|GN3555|0","eGazette PDF parse may be wrong (check notice body)"
"high","2025","2025-07-25","","","貴東路","G.N.4611","declaration","2025-07-25|GN4611|0","eGazette PDF parse may be wrong (check notice body)"
"high","2025","2025-07-25","","","朗東路","G.N.4611","declaration","2025-07-25|GN4611|1","eGazette PDF parse may be wrong (check notice body)"
"high","2025","2025-07-25","","","曉東路","G.N.4611","declaration","2025-07-25|GN4611|2","eGazette PDF parse may be wrong (check notice body)"
"high","2025","2025-07-25","","","錦東街","G.N.4611","declaration","2025-07-25|GN4611|3","eGazette PDF parse may be wrong (check notice body)"
"high","2025","2025-07-25","","","兆東街","G.N.4611","declaration","2025-07-25|GN4611|4","eGazette PDF parse may be wrong (check notice body)"
"high","2025","2025-07-25","","","孝東街","G.N.4611","declaration","2025-07-25|GN4611|5","eGazette PDF parse may be wrong (check notice body)"
"high","2025","2025-07-25","","","彩東里","G.N.4611","declaration","2025-07-25|GN4611|6","eGazette PDF parse may be wrong (check notice body)"
"high","2025","2025-07-25","","","善東里","G.N.4611","declaration","2025-07-25|GN4611|7","eGazette PDF parse may be wrong (check notice body)"
"high","2025","2025-07-25","","","仁東里","G.N.4611","declaration","2025-07-25|GN4611|8","eGazette PDF parse may be wrong (check notice body)"
"high","2025","2025-11-21","","","啟德交匯處","G.N.7381","declaration","2025-11-21|GN7381|0","eGazette PDF parse may be wrong (check notice body)"
"high","2025","2025-12-19","","Cultural Drive G.n. 5801 Dated 17 September 2021","","G.N.8147","declaration","2025-12-19|GN8147|0","eGazette PDF parse may be wrong (check notice body)"
"high","2025","2025-02-28","","Innov At Ion A Nd Te Chnology P Ar K R O A D","創科園路","G.N.1271","declaration","2025-02-28|GN1271|0","eGazette PDF parse may be wrong (check notice body)"
"high","2025","2025-02-28","","Re S Ear Ch R O A D","研發路","G.N.1271","declaration","2025-02-28|GN1271|1","eGazette PDF parse may be wrong (check notice body)"
"high","2025","2025-11-21","","Yau Ma Tei Interchange G.n. 1920 Dated 7 April 2017","","G.N.7382","declaration","2025-11-21|GN7382|0","eGazette PDF parse may be wrong (check notice body)"
"high","2025","2025-07-25","","Ying Hei Road","迎禧路","G.N.4610","replace_description","2025-07-25|GN4610|0","canonical date from 取代街道說明 (likely needs Previous G.N.)"
"high","2025","2025-07-25","","Ying Hei Road G.n. 8173 Dated 24 December 1999","","G.N.4610","declaration","2025-07-25|GN4610|0","eGazette PDF parse may be wrong (check notice body)"
"high","2026","2026-01-16","","","古洞北路","G.N.377","declaration","2026-01-16|GN377|0","eGazette PDF parse may be wrong (check notice body)"
"high","2026","2026-01-16","","","古雋街","G.N.377","declaration","2026-01-16|GN377|1","eGazette PDF parse may be wrong (check notice body)"
"high","2026","2026-03-27","","F A Nling Bypass","粉嶺繞道","G.N.1839","declaration","2026-03-27|GN1839|0","eGazette PDF parse may be wrong (check notice body)"
"high","2026","2026-03-27","","Fung L Am R O A D","鳳林路","G.N.1839","declaration","2026-03-27|GN1839|2","eGazette PDF parse may be wrong (check notice body)"
"high","2026","2026-03-27","","Fung Ling R O A D","鳳嶺路","G.N.1839","declaration","2026-03-27|GN1839|3","eGazette PDF parse may be wrong (check notice body)"
"high","2026","2026-03-27","","Sh E Ung Ho R O A D","上河路","G.N.1839","declaration","2026-03-27|GN1839|1","eGazette PDF parse may be wrong (check notice body)"
"review","2016","2016-01-22","","Ngau Tau Kok Fifth Street","牛頭角第五街","G.N.427","declaration_delete","2016-01-22|GN427|4","street deletion notice — may not be original naming year"
"review","2016","2016-01-22","","Ngau Tau Kok First Street","牛頭角第一街","G.N.427","declaration_delete","2016-01-22|GN427|0","street deletion notice — may not be original naming year"
"review","2016","2016-01-22","","Ngau Tau Kok Fourth Street","牛頭角第四街","G.N.427","declaration_delete","2016-01-22|GN427|3","street deletion notice — may not be original naming year"
"review","2016","2016-01-22","","Ngau Tau Kok Second Street","牛頭角第二街","G.N.427","declaration_delete","2016-01-22|GN427|1","street deletion notice — may not be original naming year"
"review","2016","2016-01-22","","Ngau Tau Kok Third Street","牛頭角第三街","G.N.427","declaration_delete","2016-01-22|GN427|2","street deletion notice — may not be original naming year"
"review","2016","2016-01-22","","Sau Lai Street","秀麗街","G.N.427","declaration_delete","2016-01-22|GN427|5","street deletion notice — may not be original naming year"
"review","2016","2016-01-22","","Sau Mau Path","秀茂徑","G.N.427","declaration_delete","2016-01-22|GN427|6","street deletion notice — may not be original naming year"
"review","2016","2016-01-22","","Sau Po Street","秀圃街","G.N.427","declaration_delete","2016-01-22|GN427|7","street deletion notice — may not be original naming year"
"review","2016","2016-01-22","","Tak Wo Street","德和街","G.N.427","declaration_delete","2016-01-22|GN427|8","street deletion notice — may not be original naming year"
"review","2017","2017-04-21","","Cargo Circuit","貨運道","G.N.2428","declaration_delete","2017-04-21|GN2428|0","street deletion notice — may not be original naming year"
"review","2017","2017-05-26","","Ching Road","青道","G.N.3555","declaration_delete","2017-05-26|GN3555|5","street deletion notice — may not be original naming year"
"review","2017","2017-05-26","","Fook Lai Road","復禮道","G.N.3555","declaration_delete","2017-05-26|GN3555|6","street deletion notice — may not be original naming year"
"review","2017","2017-05-26","","Fu Mei Street West","富美西街","G.N.3555","declaration_delete","2017-05-26|GN3555|7","street deletion notice — may not be original naming year"
"review","2017","2017-05-26","","Jordan Valley South Road","佐頓谷南道","G.N.3555","declaration_delete","2017-05-26|GN3555|1","street deletion notice — may not be original naming year"
"review","2017","2017-05-26","","Ko Long Road","高朗道","G.N.3555","declaration_delete","2017-05-26|GN3555|2","street deletion notice — may not be original naming year"
"review","2017","2017-05-26","","Lung Shan Road","龍山道","G.N.3555","declaration_delete","2017-05-26|GN3555|3","street deletion notice — may not be original naming year"
"review","2017","2017-05-26","","Ming Tak Street","明德街","G.N.3555","declaration_delete","2017-05-26|GN3555|8","street deletion notice — may not be original naming year"
"review","2017","2017-05-26","","On Fu Road","安富道","G.N.3555","declaration_delete","2017-05-26|GN3555|9","street deletion notice — may not be original naming year"
"review","2017","2017-05-26","","Sheung Tak Street","尚德街","G.N.3555","declaration_delete","2017-05-26|GN3555|10","street deletion notice — may not be original naming year"
"review","2017","2017-05-26","","Shing Shun Road","誠信路","G.N.3555","declaration_delete","2017-05-26|GN3555|4","street deletion notice — may not be original naming year"
"review","2017","2017-05-26","","Sunderland Road","新德鄰道","G.N.3555","declaration_delete","2017-05-26|GN3555|0","street deletion notice — may not be original naming year"
"review","2018","2018-03-29","","San Chuk Street","新竹街","G.N.2323","declaration_delete","2018-03-29|GN2323|0","street deletion notice — may not be original naming year"
"review","2019","2019-05-31","","Church Lane","教堂里","G.N.3586","declaration_delete","2019-05-31|GN3586|0","street deletion notice — may not be original naming year"
"review","2019","2019-05-31","","Harbour Parade","海港道","G.N.3586","declaration_delete","2019-05-31|GN3586|1","street deletion notice — may not be original naming year"
"review","2019","2019-05-31","","Nation Street","禮信街","G.N.3586","declaration_delete","2019-05-31|GN3586|2","street deletion notice — may not be original naming year"
"review","2019","2019-09-27","","Wan Fuk Street","環福街","G.N.6067","declaration_delete","2019-09-27|GN6067|0","street deletion notice — may not be original naming year"
"review","2019","2019-09-27","","Wan King Street","環景街","G.N.6067","declaration_delete","2019-09-27|GN6067|1","street deletion notice — may not be original naming year"
"review","2019","2019-09-27","","Wan Lei Street","環利街","G.N.6067","declaration_delete","2019-09-27|GN6067|2","street deletion notice — may not be original naming year"
"review","2019","2019-09-27","","Wan Shun Street","環順街","G.N.6067","declaration_delete","2019-09-27|GN6067|3","street deletion notice — may not be original naming year"
"review","2021","2021-09-24","","Cheong Lin Path","暢連徑","G.N.6002","declaration_delete","2021-09-24|GN6002|0","street deletion notice — may not be original naming year"